mysql> use sagalasan;
Reading table information for completion of table and column names
You can turn off this feature to get a quicker startup with -A

Database changed
mysql> 
mysql> DROP TABLE IF EXISTS hw3_product;
Query OK, 0 rows affected (0.05 sec)

mysql> DROP TABLE IF EXISTS hw3_pc;
Query OK, 0 rows affected (0.04 sec)

mysql> DROP TABLE IF EXISTS hw3_laptop;
Query OK, 0 rows affected (0.04 sec)

mysql> DROP TABLE IF EXISTS hw3_printer;
Query OK, 0 rows affected (0.04 sec)

mysql> 
mysql> CREATE TABLE hw3_product
    -> (
    ->   maker VARCHAR(20),
    ->   model INTEGER,
    ->   type VARCHAR(20),
    ->   PRIMARY KEY(maker, model, type)
    -> );
Query OK, 0 rows affected (0.08 sec)

mysql> 
mysql> CREATE TABLE hw3_pc
    -> (
    ->   model INTEGER,
    ->   speed REAL,
    ->   ram INTEGER,
    ->   hd INTEGER,
    ->   price INTEGER,
    ->   PRIMARY KEY(model)
    -> );
Query OK, 0 rows affected (0.08 sec)

mysql> 
mysql> CREATE TABLE hw3_laptop
    -> (
    ->   model INTEGER,
    ->   speed REAL,
    ->   ram INTEGER,
    ->   hd INTEGER,
    ->   screen REAL,
    ->   price INTEGER,
    ->   PRIMARY KEY(model)
    -> );
Query OK, 0 rows affected (0.08 sec)

mysql> 
mysql> CREATE TABLE hw3_printer
    -> (
    ->   model INTEGER,
    ->   color BOOLEAN,
    ->   type VARCHAR(20),
    ->   price INTEGER,
    ->   PRIMARY KEY(model)
    -> );
Query OK, 0 rows affected (0.08 sec)

mysql> 
mysql> INSERT INTO hw3_product(maker, model, type) VALUES ('A', '1001', 'pc');
Query OK, 1 row affected (0.04 sec)

mysql> INSERT INTO hw3_product(maker, model, type) VALUES ('A', '1002', 'pc');
Query OK, 1 row affected (0.04 sec)

mysql> INSERT INTO hw3_product(maker, model, type) VALUES ('A', '1003', 'pc');
Query OK, 1 row affected (0.04 sec)

mysql> INSERT INTO hw3_product(maker, model, type) VALUES ('A', '2004', 'laptop');
Query OK, 1 row affected (0.04 sec)

mysql> INSERT INTO hw3_product(maker, model, type) VALUES ('A', '2005', 'laptop');
Query OK, 1 row affected (0.04 sec)

mysql> INSERT INTO hw3_product(maker, model, type) VALUES ('A', '2006', 'laptop');
Query OK, 1 row affected (0.03 sec)

mysql> INSERT INTO hw3_product(maker, model, type) VALUES ('B', '1004', 'pc');
Query OK, 1 row affected (0.04 sec)

mysql> INSERT INTO hw3_product(maker, model, type) VALUES ('B', '1005', 'pc');
Query OK, 1 row affected (0.04 sec)

mysql> INSERT INTO hw3_product(maker, model, type) VALUES ('B', '1006', 'pc');
Query OK, 1 row affected (0.04 sec)

mysql> INSERT INTO hw3_product(maker, model, type) VALUES ('B', '2007', 'laptop');
Query OK, 1 row affected (0.04 sec)

mysql> INSERT INTO hw3_product(maker, model, type) VALUES ('C', '1007', 'pc');
Query OK, 1 row affected (0.04 sec)

mysql> INSERT INTO hw3_product(maker, model, type) VALUES ('D', '1008', 'pc');
Query OK, 1 row affected (0.04 sec)

mysql> INSERT INTO hw3_product(maker, model, type) VALUES ('D', '1009', 'pc');
Query OK, 1 row affected (0.04 sec)

mysql> INSERT INTO hw3_product(maker, model, type) VALUES ('D', '1010', 'pc');
Query OK, 1 row affected (0.04 sec)

mysql> INSERT INTO hw3_product(maker, model, type) VALUES ('D', '3004', 'printer');
Query OK, 1 row affected (0.04 sec)

mysql> INSERT INTO hw3_product(maker, model, type) VALUES ('D', '3005', 'printer');
Query OK, 1 row affected (0.04 sec)

mysql> INSERT INTO hw3_product(maker, model, type) VALUES ('E', '1011', 'pc');
Query OK, 1 row affected (0.04 sec)

mysql> INSERT INTO hw3_product(maker, model, type) VALUES ('E', '1012', 'pc');
Query OK, 1 row affected (0.04 sec)

mysql> INSERT INTO hw3_product(maker, model, type) VALUES ('E', '1013', 'pc');
Query OK, 1 row affected (0.05 sec)

mysql> INSERT INTO hw3_product(maker, model, type) VALUES ('E', '2001', 'laptop');
Query OK, 1 row affected (0.04 sec)

mysql> INSERT INTO hw3_product(maker, model, type) VALUES ('E', '2002', 'laptop');
Query OK, 1 row affected (0.04 sec)

mysql> INSERT INTO hw3_product(maker, model, type) VALUES ('E', '2003', 'laptop');
Query OK, 1 row affected (0.06 sec)

mysql> INSERT INTO hw3_product(maker, model, type) VALUES ('E', '3001', 'printer');
Query OK, 1 row affected (0.04 sec)

mysql> INSERT INTO hw3_product(maker, model, type) VALUES ('E', '3002', 'printer');
Query OK, 1 row affected (0.04 sec)

mysql> INSERT INTO hw3_product(maker, model, type) VALUES ('E', '3003', 'printer');
Query OK, 1 row affected (0.04 sec)

mysql> INSERT INTO hw3_product(maker, model, type) VALUES ('F', '2008', 'laptop');
Query OK, 1 row affected (0.04 sec)

mysql> INSERT INTO hw3_product(maker, model, type) VALUES ('F', '2009', 'laptop');
Query OK, 1 row affected (0.04 sec)

mysql> INSERT INTO hw3_product(maker, model, type) VALUES ('G', '2010', 'laptop');
Query OK, 1 row affected (0.04 sec)

mysql> INSERT INTO hw3_product(maker, model, type) VALUES ('H', '3006', 'printer');
Query OK, 1 row affected (0.04 sec)

mysql> INSERT INTO hw3_product(maker, model, type) VALUES ('H', '3007', 'printer');
Query OK, 1 row affected (0.04 sec)

mysql> 
mysql> INSERT INTO hw3_laptop(model, speed, ram, hd, screen, price) VALUES ('2001', '2.00', '2048', '240', '20.1', '3673');
Query OK, 1 row affected (0.04 sec)

mysql> INSERT INTO hw3_laptop(model, speed, ram, hd, screen, price) VALUES ('2002', '1.73', '1024', '80', '17.0', '949');
Query OK, 1 row affected (0.04 sec)

mysql> INSERT INTO hw3_laptop(model, speed, ram, hd, screen, price) VALUES ('2003', '1.80', '512', '60', '15.4', '549');
Query OK, 1 row affected (0.04 sec)

mysql> INSERT INTO hw3_laptop(model, speed, ram, hd, screen, price) VALUES ('2004', '2.00', '512', '60', '13.3', '1150');
Query OK, 1 row affected (0.04 sec)

mysql> INSERT INTO hw3_laptop(model, speed, ram, hd, screen, price) VALUES ('2005', '2.16', '1024', '120', '17.0', '2500');
Query OK, 1 row affected (0.04 sec)

mysql> INSERT INTO hw3_laptop(model, speed, ram, hd, screen, price) VALUES ('2006', '2.00', '2048', '80', '15.4', '1700');
Query OK, 1 row affected (0.03 sec)

mysql> INSERT INTO hw3_laptop(model, speed, ram, hd, screen, price) VALUES ('2007', '1.83', '1024', '120', '13.3', '1429');
Query OK, 1 row affected (0.03 sec)

mysql> INSERT INTO hw3_laptop(model, speed, ram, hd, screen, price) VALUES ('2008', '1.60', '1024', '100', '15.4', '900');
Query OK, 1 row affected (0.05 sec)

mysql> INSERT INTO hw3_laptop(model, speed, ram, hd, screen, price) VALUES ('2009', '1.60', '512', '80', '14.1', '680');
Query OK, 1 row affected (0.04 sec)

mysql> INSERT INTO hw3_laptop(model, speed, ram, hd, screen, price) VALUES ('2010', '2.00', '2048', '160', '15.4', '2300');
Query OK, 1 row affected (0.04 sec)

mysql> 
mysql> INSERT INTO hw3_pc(model, speed, ram, hd, price) VALUES ('1001', '2.66', '1024', '250', '2114');
Query OK, 1 row affected (0.04 sec)

mysql> INSERT INTO hw3_pc(model, speed, ram, hd, price) VALUES ('1002', '2.10', '512', '250', '995');
Query OK, 1 row affected (0.04 sec)

mysql> INSERT INTO hw3_pc(model, speed, ram, hd, price) VALUES ('1003', '1.42', '512', '80', '478');
Query OK, 1 row affected (0.04 sec)

mysql> INSERT INTO hw3_pc(model, speed, ram, hd, price) VALUES ('1004', '2.80', '1024', '250', '649');
Query OK, 1 row affected (0.03 sec)

mysql> INSERT INTO hw3_pc(model, speed, ram, hd, price) VALUES ('1005', '3.20', '512', '250', '630');
Query OK, 1 row affected (0.04 sec)

mysql> INSERT INTO hw3_pc(model, speed, ram, hd, price) VALUES ('1006', '3.20', '1024', '320', '1049');
Query OK, 1 row affected (0.04 sec)

mysql> INSERT INTO hw3_pc(model, speed, ram, hd, price) VALUES ('1007', '2.20', '1024', '200', '510');
Query OK, 1 row affected (0.04 sec)

mysql> INSERT INTO hw3_pc(model, speed, ram, hd, price) VALUES ('1008', '2.20', '2048', '250', '770');
Query OK, 1 row affected (0.03 sec)

mysql> INSERT INTO hw3_pc(model, speed, ram, hd, price) VALUES ('1009', '2.00', '1024', '250', '650');
Query OK, 1 row affected (0.04 sec)

mysql> INSERT INTO hw3_pc(model, speed, ram, hd, price) VALUES ('1010', '2.80', '2048', '300', '770');
Query OK, 1 row affected (0.04 sec)

mysql> INSERT INTO hw3_pc(model, speed, ram, hd, price) VALUES ('1011', '1.86', '2048', '160', '959');
Query OK, 1 row affected (0.04 sec)

mysql> INSERT INTO hw3_pc(model, speed, ram, hd, price) VALUES ('1012', '2.80', '1024', '160', '649');
Query OK, 1 row affected (0.04 sec)

mysql> INSERT INTO hw3_pc(model, speed, ram, hd, price) VALUES ('1013', '3.06', '512', '80', '629');
Query OK, 1 row affected (0.04 sec)

mysql> 
mysql> INSERT INTO hw3_printer(model, color, type, price) VALUES ('3001', '1', 'ink-jet', '99');
Query OK, 1 row affected (0.04 sec)

mysql> INSERT INTO hw3_printer(model, color, type, price) VALUES ('3002', '0', 'laser', '239');
Query OK, 1 row affected (0.04 sec)

mysql> INSERT INTO hw3_printer(model, color, type, price) VALUES ('3003', '1', 'laser', '899');
Query OK, 1 row affected (0.04 sec)

mysql> INSERT INTO hw3_printer(model, color, type, price) VALUES ('3004', '1', 'ink-jet', '120');
Query OK, 1 row affected (0.04 sec)

mysql> INSERT INTO hw3_printer(model, color, type, price) VALUES ('3005', '0', 'laser', '120');
Query OK, 1 row affected (0.05 sec)

mysql> INSERT INTO hw3_printer(model, color, type, price) VALUES ('3006', '1', 'ink-jet', '100');
Query OK, 1 row affected (0.04 sec)

mysql> INSERT INTO hw3_printer(model, color, type, price) VALUES ('3007', '1', 'laser', '200');
Query OK, 1 row affected (0.04 sec)

mysql> use sagalasan;
Database changed
mysql> 
mysql> # a
mysql> SELECT DISTINCT maker
    -> FROM hw3_product
    -> WHERE model IN
    ->       (SELECT model
    ->         FROM hw3_pc
    ->         WHERE speed >= 3
    ->       );
+-------+
| maker |
+-------+
| B     |
| E     |
+-------+
2 rows in set (0.00 sec)

mysql> 
mysql> # b
mysql> SELECT model
    -> FROM hw3_printer
    -> WHERE price >= ALL
    ->       (
    ->         SELECT price
    ->         FROM hw3_printer
    ->       );
+-------+
| model |
+-------+
|  3003 |
+-------+
1 row in set (0.00 sec)

mysql> 
mysql> # c
mysql> SELECT model
    -> FROM hw3_laptop
    -> WHERE speed <= ALL
    ->       (
    ->         SELECT speed
    ->         FROM hw3_pc
    ->       );
Empty set (0.00 sec)

mysql> 
mysql> # d
mysql> SELECT model
    -> FROM (
    ->   (SELECT model, price FROM hw3_laptop)
    ->   UNION
    ->   (SELECT model, price FROM hw3_pc)
    ->   UNION
    ->   (SELECT model, price FROM hw3_printer)
    -> ) AS models
    -> WHERE price <= ALL (SELECT price FROM
    ->   (
    ->   (SELECT model, price FROM hw3_laptop)
    ->   UNION
    ->   (SELECT model, price FROM hw3_pc)
    ->   UNION
    ->   (SELECT model, price FROM hw3_printer)
    ->   ) as models2);
+-------+
| model |
+-------+
|  3001 |
+-------+
1 row in set (0.00 sec)

mysql> 
mysql> #e
mysql> SELECT DISTINCT maker
    -> FROM hw3_product, hw3_printer
    -> WHERE hw3_printer.color = TRUE AND hw3_printer.model = hw3_product.model AND
    ->   hw3_printer.price <= ALL (SELECT price FROM hw3_printer WHERE color=TRUE );
+-------+
| maker |
+-------+
| E     |
+-------+
1 row in set (0.01 sec)

mysql> 
mysql> #f
mysql> SELECT *
    -> FROM hw3_product
    -> WHERE model IN (
    ->   SELECT model
    ->   FROM hw3_pc
    ->   WHERE ram <= ALL (SELECT ram FROM hw3_pc) AND
    ->     speed >= ALL (SELECT speed FROM hw3_pc)
    -> );
+-------+-------+------+
| maker | model | type |
+-------+-------+------+
| B     |  1005 | pc   |
+-------+-------+------+
1 row in set (0.00 sec)

mysql> # a
mysql> START TRANSACTION;
Query OK, 0 rows affected (0.00 sec)

mysql> INSERT INTO hw3_product
    ->     VALUES ('C', 1100, 'pc');
Query OK, 1 row affected (0.00 sec)

mysql> 
mysql> INSERT INTO hw3_pc
    ->     VALUES (1100, 3.2, 1024, 180, 2499);
Query OK, 1 row affected (0.00 sec)

mysql> 
mysql> SELECT * FROM hw3_product;
+-------+-------+---------+
| maker | model | type    |
+-------+-------+---------+
| A     |  1001 | pc      |
| A     |  1002 | pc      |
| A     |  1003 | pc      |
| A     |  2004 | laptop  |
| A     |  2005 | laptop  |
| A     |  2006 | laptop  |
| B     |  1004 | pc      |
| B     |  1005 | pc      |
| B     |  1006 | pc      |
| B     |  2007 | laptop  |
| C     |  1007 | pc      |
| C     |  1100 | pc      |
| D     |  1008 | pc      |
| D     |  1009 | pc      |
| D     |  1010 | pc      |
| D     |  3004 | printer |
| D     |  3005 | printer |
| E     |  1011 | pc      |
| E     |  1012 | pc      |
| E     |  1013 | pc      |
| E     |  2001 | laptop  |
| E     |  2002 | laptop  |
| E     |  2003 | laptop  |
| E     |  3001 | printer |
| E     |  3002 | printer |
| E     |  3003 | printer |
| F     |  2008 | laptop  |
| F     |  2009 | laptop  |
| G     |  2010 | laptop  |
| H     |  3006 | printer |
| H     |  3007 | printer |
+-------+-------+---------+
31 rows in set (0.00 sec)

mysql> SELECT * FROM hw3_pc;
+-------+-------+------+------+-------+
| model | speed | ram  | hd   | price |
+-------+-------+------+------+-------+
|  1001 |  2.66 | 1024 |  250 |  2114 |
|  1002 |   2.1 |  512 |  250 |   995 |
|  1003 |  1.42 |  512 |   80 |   478 |
|  1004 |   2.8 | 1024 |  250 |   649 |
|  1005 |   3.2 |  512 |  250 |   630 |
|  1006 |   3.2 | 1024 |  320 |  1049 |
|  1007 |   2.2 | 1024 |  200 |   510 |
|  1008 |   2.2 | 2048 |  250 |   770 |
|  1009 |     2 | 1024 |  250 |   650 |
|  1010 |   2.8 | 2048 |  300 |   770 |
|  1011 |  1.86 | 2048 |  160 |   959 |
|  1012 |   2.8 | 1024 |  160 |   649 |
|  1013 |  3.06 |  512 |   80 |   629 |
|  1100 |   3.2 | 1024 |  180 |  2499 |
+-------+-------+------+------+-------+
14 rows in set (0.00 sec)

mysql> 
mysql> ROLLBACK;
Query OK, 0 rows affected (0.04 sec)

mysql> 
mysql> # b
mysql> START TRANSACTION;
Query OK, 0 rows affected (0.00 sec)

mysql> 
mysql> INSERT INTO hw3_product
    -> (SELECT product.maker, product.model + 1100, 'laptop'
    -> FROM hw3_product product, hw3_pc pc
    -> WHERE product.model = pc.model);
Query OK, 13 rows affected (0.00 sec)
Records: 13  Duplicates: 0  Warnings: 0

mysql> 
mysql> INSERT INTO hw3_laptop
    -> (SELECT model + 1100, speed, ram, hd, 17, price + 500 FROM hw3_pc);
Query OK, 13 rows affected (0.00 sec)
Records: 13  Duplicates: 0  Warnings: 0

mysql> 
mysql> SELECT * FROM hw3_product;
+-------+-------+---------+
| maker | model | type    |
+-------+-------+---------+
| A     |  1001 | pc      |
| A     |  1002 | pc      |
| A     |  1003 | pc      |
| A     |  2004 | laptop  |
| A     |  2005 | laptop  |
| A     |  2006 | laptop  |
| A     |  2101 | laptop  |
| A     |  2102 | laptop  |
| A     |  2103 | laptop  |
| B     |  1004 | pc      |
| B     |  1005 | pc      |
| B     |  1006 | pc      |
| B     |  2007 | laptop  |
| B     |  2104 | laptop  |
| B     |  2105 | laptop  |
| B     |  2106 | laptop  |
| C     |  1007 | pc      |
| C     |  2107 | laptop  |
| D     |  1008 | pc      |
| D     |  1009 | pc      |
| D     |  1010 | pc      |
| D     |  2108 | laptop  |
| D     |  2109 | laptop  |
| D     |  2110 | laptop  |
| D     |  3004 | printer |
| D     |  3005 | printer |
| E     |  1011 | pc      |
| E     |  1012 | pc      |
| E     |  1013 | pc      |
| E     |  2001 | laptop  |
| E     |  2002 | laptop  |
| E     |  2003 | laptop  |
| E     |  2111 | laptop  |
| E     |  2112 | laptop  |
| E     |  2113 | laptop  |
| E     |  3001 | printer |
| E     |  3002 | printer |
| E     |  3003 | printer |
| F     |  2008 | laptop  |
| F     |  2009 | laptop  |
| G     |  2010 | laptop  |
| H     |  3006 | printer |
| H     |  3007 | printer |
+-------+-------+---------+
43 rows in set (0.00 sec)

mysql> SELECT * FROM hw3_laptop;
+-------+-------+------+------+--------+-------+
| model | speed | ram  | hd   | screen | price |
+-------+-------+------+------+--------+-------+
|  2001 |     2 | 2048 |  240 |   20.1 |  3673 |
|  2002 |  1.73 | 1024 |   80 |     17 |   949 |
|  2003 |   1.8 |  512 |   60 |   15.4 |   549 |
|  2004 |     2 |  512 |   60 |   13.3 |  1150 |
|  2005 |  2.16 | 1024 |  120 |     17 |  2500 |
|  2006 |     2 | 2048 |   80 |   15.4 |  1700 |
|  2007 |  1.83 | 1024 |  120 |   13.3 |  1429 |
|  2008 |   1.6 | 1024 |  100 |   15.4 |   900 |
|  2009 |   1.6 |  512 |   80 |   14.1 |   680 |
|  2010 |     2 | 2048 |  160 |   15.4 |  2300 |
|  2101 |  2.66 | 1024 |  250 |     17 |  2614 |
|  2102 |   2.1 |  512 |  250 |     17 |  1495 |
|  2103 |  1.42 |  512 |   80 |     17 |   978 |
|  2104 |   2.8 | 1024 |  250 |     17 |  1149 |
|  2105 |   3.2 |  512 |  250 |     17 |  1130 |
|  2106 |   3.2 | 1024 |  320 |     17 |  1549 |
|  2107 |   2.2 | 1024 |  200 |     17 |  1010 |
|  2108 |   2.2 | 2048 |  250 |     17 |  1270 |
|  2109 |     2 | 1024 |  250 |     17 |  1150 |
|  2110 |   2.8 | 2048 |  300 |     17 |  1270 |
|  2111 |  1.86 | 2048 |  160 |     17 |  1459 |
|  2112 |   2.8 | 1024 |  160 |     17 |  1149 |
|  2113 |  3.06 |  512 |   80 |     17 |  1129 |
+-------+-------+------+------+--------+-------+
23 rows in set (0.00 sec)

mysql> 
mysql> ROLLBACK;
Query OK, 0 rows affected (0.04 sec)

mysql> 
mysql> # c
mysql> START TRANSACTION;
Query OK, 0 rows affected (0.00 sec)

mysql> 
mysql> DELETE FROM hw3_product
    -> WHERE type = 'pc' AND model IN (SELECT model FROM hw3_pc WHERE hd < 100);
Query OK, 2 rows affected (0.01 sec)

mysql> 
mysql> DELETE FROM hw3_pc
    -> WHERE hd < 100;
Query OK, 2 rows affected (0.00 sec)

mysql> 
mysql> SELECT * FROM hw3_product;
+-------+-------+---------+
| maker | model | type    |
+-------+-------+---------+
| A     |  1001 | pc      |
| A     |  1002 | pc      |
| A     |  2004 | laptop  |
| A     |  2005 | laptop  |
| A     |  2006 | laptop  |
| B     |  1004 | pc      |
| B     |  1005 | pc      |
| B     |  1006 | pc      |
| B     |  2007 | laptop  |
| C     |  1007 | pc      |
| D     |  1008 | pc      |
| D     |  1009 | pc      |
| D     |  1010 | pc      |
| D     |  3004 | printer |
| D     |  3005 | printer |
| E     |  1011 | pc      |
| E     |  1012 | pc      |
| E     |  2001 | laptop  |
| E     |  2002 | laptop  |
| E     |  2003 | laptop  |
| E     |  3001 | printer |
| E     |  3002 | printer |
| E     |  3003 | printer |
| F     |  2008 | laptop  |
| F     |  2009 | laptop  |
| G     |  2010 | laptop  |
| H     |  3006 | printer |
| H     |  3007 | printer |
+-------+-------+---------+
28 rows in set (0.00 sec)

mysql> SELECT * FROM hw3_pc;
+-------+-------+------+------+-------+
| model | speed | ram  | hd   | price |
+-------+-------+------+------+-------+
|  1001 |  2.66 | 1024 |  250 |  2114 |
|  1002 |   2.1 |  512 |  250 |   995 |
|  1004 |   2.8 | 1024 |  250 |   649 |
|  1005 |   3.2 |  512 |  250 |   630 |
|  1006 |   3.2 | 1024 |  320 |  1049 |
|  1007 |   2.2 | 1024 |  200 |   510 |
|  1008 |   2.2 | 2048 |  250 |   770 |
|  1009 |     2 | 1024 |  250 |   650 |
|  1010 |   2.8 | 2048 |  300 |   770 |
|  1011 |  1.86 | 2048 |  160 |   959 |
|  1012 |   2.8 | 1024 |  160 |   649 |
+-------+-------+------+------+-------+
11 rows in set (0.00 sec)

mysql> 
mysql> ROLLBACK;
Query OK, 0 rows affected (0.04 sec)

mysql> 
mysql> #d
mysql> START TRANSACTION;
Query OK, 0 rows affected (0.00 sec)

mysql> UPDATE hw3_product SET maker = 'A'
    -> WHERE maker = 'B';
Query OK, 4 rows affected (0.00 sec)
Rows matched: 4  Changed: 4  Warnings: 0

mysql> SELECT * FROM hw3_product;
+-------+-------+---------+
| maker | model | type    |
+-------+-------+---------+
| A     |  1001 | pc      |
| A     |  1002 | pc      |
| A     |  1003 | pc      |
| A     |  1004 | pc      |
| A     |  1005 | pc      |
| A     |  1006 | pc      |
| A     |  2004 | laptop  |
| A     |  2005 | laptop  |
| A     |  2006 | laptop  |
| A     |  2007 | laptop  |
| C     |  1007 | pc      |
| D     |  1008 | pc      |
| D     |  1009 | pc      |
| D     |  1010 | pc      |
| D     |  3004 | printer |
| D     |  3005 | printer |
| E     |  1011 | pc      |
| E     |  1012 | pc      |
| E     |  1013 | pc      |
| E     |  2001 | laptop  |
| E     |  2002 | laptop  |
| E     |  2003 | laptop  |
| E     |  3001 | printer |
| E     |  3002 | printer |
| E     |  3003 | printer |
| F     |  2008 | laptop  |
| F     |  2009 | laptop  |
| G     |  2010 | laptop  |
| H     |  3006 | printer |
| H     |  3007 | printer |
+-------+-------+---------+
30 rows in set (0.00 sec)

mysql> ROLLBACK;
Query OK, 0 rows affected (0.04 sec)

mysql> 
mysql> #e
mysql> START TRANSACTION;
Query OK, 0 rows affected (0.00 sec)

mysql> UPDATE hw3_pc SET ram = ram * 2, hd = hd + 60;
Query OK, 13 rows affected (0.00 sec)
Rows matched: 13  Changed: 13  Warnings: 0

mysql> SELECT * FROM hw3_pc;
+-------+-------+------+------+-------+
| model | speed | ram  | hd   | price |
+-------+-------+------+------+-------+
|  1001 |  2.66 | 2048 |  310 |  2114 |
|  1002 |   2.1 | 1024 |  310 |   995 |
|  1003 |  1.42 | 1024 |  140 |   478 |
|  1004 |   2.8 | 2048 |  310 |   649 |
|  1005 |   3.2 | 1024 |  310 |   630 |
|  1006 |   3.2 | 2048 |  380 |  1049 |
|  1007 |   2.2 | 2048 |  260 |   510 |
|  1008 |   2.2 | 4096 |  310 |   770 |
|  1009 |     2 | 2048 |  310 |   650 |
|  1010 |   2.8 | 4096 |  360 |   770 |
|  1011 |  1.86 | 4096 |  220 |   959 |
|  1012 |   2.8 | 2048 |  220 |   649 |
|  1013 |  3.06 | 1024 |  140 |   629 |
+-------+-------+------+------+-------+
13 rows in set (0.00 sec)

mysql> ROLLBACK;
Query OK, 0 rows affected (0.04 sec)

mysql> 
mysql> #f
mysql> START TRANSACTION;
Query OK, 0 rows affected (0.00 sec)

mysql> UPDATE hw3_laptop
    -> SET screen = screen + 1, price = price - 100
    -> WHERE model IN (SELECT model
    ->                 FROM hw3_product
    ->                 WHERE maker = 'B');
Query OK, 1 row affected (0.00 sec)
Rows matched: 1  Changed: 1  Warnings: 0

mysql> SELECT * FROM hw3_laptop;
+-------+-------+------+------+--------+-------+
| model | speed | ram  | hd   | screen | price |
+-------+-------+------+------+--------+-------+
|  2001 |     2 | 2048 |  240 |   20.1 |  3673 |
|  2002 |  1.73 | 1024 |   80 |     17 |   949 |
|  2003 |   1.8 |  512 |   60 |   15.4 |   549 |
|  2004 |     2 |  512 |   60 |   13.3 |  1150 |
|  2005 |  2.16 | 1024 |  120 |     17 |  2500 |
|  2006 |     2 | 2048 |   80 |   15.4 |  1700 |
|  2007 |  1.83 | 1024 |  120 |   14.3 |  1329 |
|  2008 |   1.6 | 1024 |  100 |   15.4 |   900 |
|  2009 |   1.6 |  512 |   80 |   14.1 |   680 |
|  2010 |     2 | 2048 |  160 |   15.4 |  2300 |
+-------+-------+------+------+--------+-------+
10 rows in set (0.00 sec)

mysql> ROLLBACK;
Query OK, 0 rows affected (0.04 sec)

mysql> \q
